<?xml version="1.0" encoding="UTF-8"?>
<!--
        *** GENERATED FROM project.xml - DO NOT EDIT  ***
        ***         EDIT ../build.xml INSTEAD         ***

        For the purpose of easier reading the script
        is divided into following sections:
        - initialization
        - compilation
        - dist
        - execution
        - debugging
        - javadoc
        - junit compilation
        - junit execution
        - junit debugging
        - cleanup

        -->
<project xmlns:webproject1="http://www.netbeans.org/ns/web-project/1" xmlns:webproject2="http://www.netbeans.org/ns/web-project/2" xmlns:webproject3="http://www.netbeans.org/ns/web-project/3" basedir=".." default="default" name="calserver-impl">
    <import file="jaxws-build.xml"/>
    <import file="ant-deploy.xml"/>
    <target depends="dist,javadoc" description="Build whole project." name="default"/>
    <!--
                INITIALIZATION SECTION
            -->
    <target name="-pre-init">
        <!-- Empty placeholder for easier customization. -->
        <!-- You can override this target in the ../build.xml file. -->
    </target>
    <target depends="-pre-init" name="-init-private">
        <property file="nbproject/private/private.properties"/>
    </target>
    <target depends="-pre-init,-init-private" name="-init-user">
        <property file="${user.properties.file}"/>
        <!-- The two properties below are usually overridden -->
        <!-- by the active platform. Just a fallback. -->
        <property name="default.javac.source" value="1.4"/>
        <property name="default.javac.target" value="1.4"/>
    </target>
    <target depends="-pre-init,-init-private,-init-user" name="-init-project">
        <property file="nbproject/project.properties"/>
    </target>
    <target depends="-pre-init,-init-private,-init-user,-init-project,-init-macrodef-property" if="dist.ear.dir" name="-do-ear-init"/>
    <target depends="-pre-init,-init-private,-init-user,-init-project,-init-macrodef-property" name="-do-init">
        <condition property="have.tests">
            <or>
                <available file="${test.src.dir}"/>
            </or>
        </condition>
        <condition property="have.sources">
            <or>
                <available file="${src.dir}"/>
            </or>
        </condition>
        <condition property="netbeans.home+have.tests">
            <and>
                <isset property="netbeans.home"/>
                <isset property="have.tests"/>
            </and>
        </condition>
        <condition property="no.javadoc.preview">
            <isfalse value="${javadoc.preview}"/>
        </condition>
        <property name="javac.compilerargs" value=""/>
        <condition property="no.deps">
            <and>
                <istrue value="${no.dependencies}"/>
            </and>
        </condition>
        <condition property="no.dist.ear.dir">
            <not>
                <isset property="dist.ear.dir"/>
            </not>
        </condition>
        <property name="build.web.excludes" value="${build.classes.excludes}"/>
        <condition property="do.compile.jsps">
            <istrue value="${compile.jsps}"/>
        </condition>
        <condition property="enable.jsdebugger">
            <and>
                <isset property="debug.client.available"/>
                <istrue value="${debug.client.available}"/>
            </and>
        </condition>
        <condition property="do.debug.server">
            <or>
                <not>
                    <isset property="debug.server"/>
                </not>
                <istrue value="${debug.server}"/>
                <not>
                    <isset property="enable.jsdebugger"/>
                </not>
                <and>
                    <not>
                        <istrue value="${debug.server}"/>
                    </not>
                    <not>
                        <istrue value="${debug.client}"/>
                    </not>
                </and>
            </or>
        </condition>
        <condition property="do.debug.client">
            <and>
                <istrue value="${debug.client}"/>
                <isset property="enable.jsdebugger"/>
            </and>
        </condition>
        <condition property="do.display.browser">
            <istrue value="${display.browser}"/>
        </condition>
        <condition property="do.display.browser.debug">
            <and>
                <isset property="do.display.browser"/>
                <not>
                    <isset property="do.debug.client"/>
                </not>
            </and>
        </condition>
        <available file="${conf.dir}/MANIFEST.MF" property="has.custom.manifest"/>
        <available file="${conf.dir}/persistence.xml" property="has.persistence.xml"/>
        <condition property="do.war.package.with.custom.manifest">
            <isset property="has.custom.manifest"/>
        </condition>
        <condition property="do.war.package.without.custom.manifest">
            <not>
                <isset property="has.custom.manifest"/>
            </not>
        </condition>
        <condition property="do.tmp.war.package.with.custom.manifest">
            <and>
                <isset property="has.custom.manifest"/>
                <isfalse value="${directory.deployment.supported}"/>
            </and>
        </condition>
        <condition property="do.tmp.war.package.without.custom.manifest">
            <and>
                <not>
                    <isset property="has.custom.manifest"/>
                </not>
                <isfalse value="${directory.deployment.supported}"/>
            </and>
        </condition>
        <property name="build.meta.inf.dir" value="${build.web.dir}/META-INF"/>
        <condition else="" property="application.args.param" value="${application.args}">
            <and>
                <isset property="application.args"/>
                <not>
                    <equals arg1="${application.args}" arg2="" trim="true"/>
                </not>
            </and>
        </condition>
        <property name="source.encoding" value="${file.encoding}"/>
        <condition property="javadoc.encoding.used" value="${javadoc.encoding}">
            <and>
                <isset property="javadoc.encoding"/>
                <not>
                    <equals arg1="${javadoc.encoding}" arg2=""/>
                </not>
            </and>
        </condition>
        <property name="javadoc.encoding.used" value="${source.encoding}"/>
        <condition else="" property="javac.compilerargs.jaxws" value="-Djava.endorsed.dirs='${jaxws.endorsed.dir}'">
            <and>
                <isset property="jaxws.endorsed.dir"/>
                <available file="nbproject/jaxws-build.xml"/>
            </and>
        </condition>
    </target>
    <target name="-post-init">
        <!-- Empty placeholder for easier customization. -->
        <!-- You can override this target in the ../build.xml file. -->
    </target>
    <target depends="-pre-init,-init-private,-init-user,-init-project,-do-init" name="-init-check">
        <fail unless="src.dir">Must set src.dir</fail>
        <fail unless="test.src.dir">Must set test.src.dir</fail>
        <fail unless="build.dir">Must set build.dir</fail>
        <fail unless="build.web.dir">Must set build.web.dir</fail>
        <fail unless="build.generated.dir">Must set build.generated.dir</fail>
        <fail unless="dist.dir">Must set dist.dir</fail>
        <fail unless="build.classes.dir">Must set build.classes.dir</fail>
        <fail unless="dist.javadoc.dir">Must set dist.javadoc.dir</fail>
        <fail unless="build.test.classes.dir">Must set build.test.classes.dir</fail>
        <fail unless="build.test.results.dir">Must set build.test.results.dir</fail>
        <fail unless="build.classes.excludes">Must set build.classes.excludes</fail>
        <fail unless="dist.war">Must set dist.war</fail>
        <fail unless="j2ee.platform.classpath">
The Java EE server classpath is not correctly set up. Your active server type is ${j2ee.server.type}.
Either open the project in the IDE and assign the server or setup the server classpath manually.
For example like this:
   ant -Duser.properties.file=&lt;path_to_property_file&gt; (where you put the property "j2ee.platform.classpath" in a .properties file)
or ant -Dj2ee.platform.classpath=&lt;server_classpath&gt; (where no properties file is used)
                </fail>
    </target>
    <target name="-init-macrodef-property">
        <macrodef name="property" uri="http://www.netbeans.org/ns/web-project/1">
            <attribute name="name"/>
            <attribute name="value"/>
            <sequential>
                <property name="@{name}" value="${@{value}}"/>
            </sequential>
        </macrodef>
    </target>
    <target name="-init-macrodef-javac">
        <macrodef name="javac" uri="http://www.netbeans.org/ns/web-project/2">
            <attribute default="${src.dir}" name="srcdir"/>
            <attribute default="${build.classes.dir}" name="destdir"/>
            <attribute default="${javac.classpath}:${j2ee.platform.classpath}" name="classpath"/>
            <attribute default="${javac.debug}" name="debug"/>
            <element name="customize" optional="true"/>
            <sequential>
                <javac debug="@{debug}" deprecation="${javac.deprecation}" destdir="@{destdir}" encoding="${source.encoding}" includeantruntime="false" source="${javac.source}" srcdir="@{srcdir}" target="${javac.target}">
                    <classpath>
                        <path path="@{classpath}"/>
                    </classpath>
                    <compilerarg line="${javac.compilerargs} ${javac.compilerargs.jaxws}"/>
                    <customize/>
                </javac>
            </sequential>
        </macrodef>
    </target>
    <target name="-init-macrodef-junit">
        <macrodef name="junit" uri="http://www.netbeans.org/ns/web-project/2">
            <attribute default="**/*Test.java" name="includes"/>
            <sequential>
                <junit dir="${basedir}" errorproperty="tests.failed" failureproperty="tests.failed" fork="true" showoutput="true">
                    <batchtest todir="${build.test.results.dir}">
                        <fileset dir="${test.src.dir}" includes="@{includes}"/>
                    </batchtest>
                    <classpath>
                        <path path="${run.test.classpath}:${j2ee.platform.classpath}"/>
                    </classpath>
                    <syspropertyset>
                        <propertyref prefix="test-sys-prop."/>
                        <mapper from="test-sys-prop.*" to="*" type="glob"/>
                    </syspropertyset>
                    <formatter type="brief" usefile="false"/>
                    <formatter type="xml"/>
                </junit>
            </sequential>
        </macrodef>
    </target>
    <target name="-init-macrodef-java">
        <macrodef name="java" uri="http://www.netbeans.org/ns/web-project/1">
            <attribute default="${main.class}" name="classname"/>
            <element name="customize" optional="true"/>
            <sequential>
                <java classname="@{classname}" fork="true">
                    <jvmarg line="${runmain.jvmargs}"/>
                    <classpath>
                        <path path="${debug.classpath}:${j2ee.platform.classpath}"/>
                    </classpath>
                    <syspropertyset>
                        <propertyref prefix="run-sys-prop."/>
                        <mapper from="run-sys-prop.*" to="*" type="glob"/>
                    </syspropertyset>
                    <customize/>
                </java>
            </sequential>
        </macrodef>
    </target>
    <target if="enable.jsdebugger" name="-init-macrodef-nbjsdebug">
        <macrodef name="nbjsdebugstart" uri="http://www.netbeans.org/ns/web-project/1">
            <attribute default="${client.url}" name="webUrl"/>
            <sequential>
                <nbjsdebugstart urlPart="${client.urlPart}" webUrl="@{webUrl}"/>
            </sequential>
        </macrodef>
    </target>
    <target name="-init-macrodef-nbjpda">
        <macrodef name="nbjpdastart" uri="http://www.netbeans.org/ns/web-project/1">
            <attribute default="${main.class}" name="name"/>
            <attribute default="${debug.classpath}:${j2ee.platform.classpath}" name="classpath"/>
            <sequential>
                <nbjpdastart addressproperty="jpda.address" name="@{name}" transport="dt_socket">
                    <classpath>
                        <path path="@{classpath}"/>
                    </classpath>
                </nbjpdastart>
            </sequential>
        </macrodef>
        <macrodef name="nbjpdareload" uri="http://www.netbeans.org/ns/web-project/1">
            <attribute default="${build.classes.dir}" name="dir"/>
            <sequential>
                <nbjpdareload>
                    <fileset dir="@{dir}" includes="${fix.classes}">
                        <include name="${fix.includes}*.class"/>
                    </fileset>
                </nbjpdareload>
            </sequential>
        </macrodef>
        <macrodef name="nbjpdaappreloaded" uri="http://www.netbeans.org/ns/web-project/1">
            <sequential>
                <nbjpdaappreloaded/>
            </sequential>
        </macrodef>
    </target>
    <target name="-init-debug-args">
        <property name="version-output" value="java version &quot;${ant.java.version}"/>
        <condition property="have-jdk-older-than-1.4">
            <or>
                <contains string="${version-output}" substring="java version &quot;1.0"/>
                <contains string="${version-output}" substring="java version &quot;1.1"/>
                <contains string="${version-output}" substring="java version &quot;1.2"/>
                <contains string="${version-output}" substring="java version &quot;1.3"/>
            </or>
        </condition>
        <condition else="-Xdebug" property="debug-args-line" value="-Xdebug -Xnoagent -Djava.compiler=none">
            <istrue value="${have-jdk-older-than-1.4}"/>
        </condition>
    </target>
    <target depends="-init-debug-args" name="-init-macrodef-debug">
        <macrodef name="debug" uri="http://www.netbeans.org/ns/web-project/1">
            <attribute default="${main.class}" name="classname"/>
            <attribute default="${debug.classpath}:${j2ee.platform.classpath}" name="classpath"/>
            <attribute default="${application.args.param}" name="args"/>
            <element name="customize" optional="true"/>
            <sequential>
                <java classname="@{classname}" fork="true">
                    <jvmarg line="${debug-args-line}"/>
                    <jvmarg value="-Xrunjdwp:transport=dt_socket,address=${jpda.address}"/>
                    <jvmarg line="${runmain.jvmargs}"/>
                    <classpath>
                        <path path="@{classpath}"/>
                    </classpath>
                    <syspropertyset>
                        <propertyref prefix="run-sys-prop."/>
                        <mapper from="run-sys-prop.*" to="*" type="glob"/>
                    </syspropertyset>
                    <arg line="@{args}"/>
                    <customize/>
                </java>
            </sequential>
        </macrodef>
    </target>
    <target name="-init-macrodef-copy-ear-war">
        <macrodef name="copy-ear-war">
            <attribute name="file"/>
            <attribute name="propname"/>
            <sequential>
                <basename file="@{file}" property="base_@{propname}"/>
                <zipfileset id="tld.files_@{propname}" includes="META-INF/*.tld META-INF/tlds/*.tld" src="@{file}"/>
                <pathconvert property="tld.files.path_@{propname}" refid="tld.files_@{propname}"/>
                <condition property="hastlds_@{propname}" value="yes">
                    <contains casesensitive="false" string="${tld.files.path_@{propname}}" substring=".tld"/>
                </condition>
                <condition property="copy.to.dir_@{propname}" value="${build.web.dir}/WEB-INF/lib">
                    <isset property="hastlds_@{propname}"/>
                </condition>
                <condition property="copy.to.dir_@{propname}" value="${dist.ear.dir}">
                    <not>
                        <isset property="hastlds_@{propname}"/>
                    </not>
                </condition>
                <copy file="@{file}" todir="${copy.to.dir_@{propname}}"/>
                <condition property="@{propname}" value="${base_@{propname}}">
                    <not>
                        <isset property="hastlds_@{propname}"/>
                    </not>
                </condition>
                <condition property="@{propname}" value="">
                    <isset property="hastlds_@{propname}"/>
                </condition>
            </sequential>
        </macrodef>
    </target>
    <target depends="-pre-init,-init-private,-init-user,-init-project,-do-init,-post-init,-init-check,-init-macrodef-property,-init-macrodef-javac,-init-macrodef-junit,-init-macrodef-java,-init-macrodef-nbjpda,-init-macrodef-nbjsdebug,-init-macrodef-debug,-init-macrodef-copy-ear-war" name="init"/>
    <!--
                COMPILATION SECTION
            -->
    <target depends="init" if="no.dist.ear.dir" name="deps-module-jar" unless="no.deps"/>
    <target depends="init" if="dist.ear.dir" name="deps-ear-jar" unless="no.deps"/>
    <target depends="init, deps-module-jar, deps-ear-jar" name="deps-jar" unless="no.deps"/>
    <target depends="init,deps-jar" name="-pre-pre-compile">
        <mkdir dir="${build.classes.dir}"/>
    </target>
    <target name="-pre-compile">
        <!-- Empty placeholder for easier customization. -->
        <!-- You can override this target in the ../build.xml file. -->
    </target>
    <target name="-copy-webdir">
        <copy todir="${build.web.dir}">
            <fileset dir="${web.docbase.dir}" excludes="${build.web.excludes}"/>
        </copy>
        <copy todir="${build.web.dir}/WEB-INF">
            <fileset dir="${webinf.dir}" excludes="${build.web.excludes}"/>
        </copy>
    </target>
    <target name="-do-ws-compile"/>
    <target depends="init, deps-jar, -pre-pre-compile, -pre-compile, -copy-manifest, -copy-persistence-xml, -copy-webdir, library-inclusion-in-archive,library-inclusion-in-manifest,-do-ws-compile" if="have.sources" name="-do-compile">
        <webproject2:javac destdir="${build.classes.dir}"/>
        <copy todir="${build.classes.dir}">
            <fileset dir="${src.dir}" excludes="${build.classes.excludes}"/>
        </copy>
    </target>
    <target if="has.custom.manifest" name="-copy-manifest">
        <mkdir dir="${build.meta.inf.dir}"/>
        <copy todir="${build.meta.inf.dir}">
            <fileset dir="${conf.dir}" includes="MANIFEST.MF"/>
        </copy>
    </target>
    <target if="has.persistence.xml" name="-copy-persistence-xml">
        <mkdir dir="${build.web.dir}/WEB-INF/classes/META-INF"/>
        <copy todir="${build.web.dir}/WEB-INF/classes/META-INF">
            <fileset dir="${conf.dir}" includes="persistence.xml"/>
        </copy>
    </target>
    <target name="-post-compile">
        <!-- Empty placeholder for easier customization. -->
        <!-- You can override this target in the ../build.xml file. -->
    </target>
    <target depends="init,deps-jar,-pre-pre-compile,-pre-compile,-do-compile,-post-compile" description="Compile project." name="compile"/>
    <target name="-pre-compile-single">
        <!-- Empty placeholder for easier customization. -->
        <!-- You can override this target in the ../build.xml file. -->
    </target>
    <target depends="init,deps-jar,-pre-pre-compile" name="-do-compile-single">
        <fail unless="javac.includes">Must select some files in the IDE or set javac.includes</fail>
        <webproject2:javac>
            <customize>
                <patternset includes="${javac.includes}"/>
            </customize>
        </webproject2:javac>
        <copy todir="${build.classes.dir}">
            <fileset dir="${src.dir}" excludes="${build.classes.excludes}"/>
        </copy>
    </target>
    <target name="-post-compile-single">
        <!-- Empty placeholder for easier customization. -->
        <!-- You can override this target in the ../build.xml file. -->
    </target>
    <target depends="init,deps-jar,-pre-pre-compile,-pre-compile-single,-do-compile-single,-post-compile-single" name="compile-single"/>
    <target depends="compile" description="Test compile JSP pages to expose compilation errors." if="do.compile.jsps" name="compile-jsps">
        <mkdir dir="${build.generated.dir}/src"/>
        <java classname="org.netbeans.modules.web.project.ant.JspC" failonerror="true" fork="true">
            <arg value="-uriroot"/>
            <arg file="${basedir}/${build.web.dir}"/>
            <arg value="-d"/>
            <arg file="${basedir}/${build.generated.dir}/src"/>
            <arg value="-die1"/>
            <arg value="-compilerSourceVM ${javac.source}"/>
            <arg value="-compilerTargetVM ${javac.target}"/>
            <classpath path="${java.home}/../lib/tools.jar:${copyfiles.classpath}:${jspcompilation.classpath}"/>
        </java>
        <mkdir dir="${build.generated.dir}/classes"/>
        <webproject2:javac classpath="${j2ee.platform.classpath}:${build.classes.dir}:${jspcompilation.classpath}" destdir="${build.generated.dir}/classes" srcdir="${build.generated.dir}/src"/>
    </target>
    <target depends="compile" if="jsp.includes" name="-do-compile-single-jsp">
        <fail unless="javac.jsp.includes">Must select some files in the IDE or set javac.jsp.includes</fail>
        <mkdir dir="${build.generated.dir}/src"/>
        <java classname="org.netbeans.modules.web.project.ant.JspCSingle" failonerror="true" fork="true">
            <arg value="-uriroot"/>
            <arg file="${basedir}/${build.web.dir}"/>
            <arg value="-d"/>
            <arg file="${basedir}/${build.generated.dir}/src"/>
            <arg value="-die1"/>
            <arg value="-jspc.files"/>
            <arg path="${jsp.includes}"/>
            <arg value="-compilerSourceVM ${javac.source}"/>
            <arg value="-compilerTargetVM ${javac.target}"/>
            <classpath path="${java.home}/../lib/tools.jar:${copyfiles.classpath}:${jspcompilation.classpath}"/>
        </java>
        <mkdir dir="${build.generated.dir}/classes"/>
        <webproject2:javac classpath="${j2ee.platform.classpath}:${build.classes.dir}:${jspcompilation.classpath}" destdir="${build.generated.dir}/classes" srcdir="${build.generated.dir}/src">
            <customize>
                <patternset includes="${javac.jsp.includes}"/>
            </customize>
        </webproject2:javac>
    </target>
    <target name="compile-single-jsp">
        <fail unless="jsp.includes">Must select a file in the IDE or set jsp.includes</fail>
        <antcall target="-do-compile-single-jsp"/>
    </target>
    <!--
                DIST BUILDING SECTION
            -->
    <target name="-pre-dist">
        <!-- Empty placeholder for easier customization. -->
        <!-- You can override this target in the ../build.xml file. -->
    </target>
    <target depends="init,compile,compile-jsps,-pre-dist" if="do.war.package.without.custom.manifest" name="-do-dist-without-manifest">
        <dirname file="${dist.war}" property="dist.jar.dir"/>
        <mkdir dir="${dist.jar.dir}"/>
        <jar compress="${jar.compress}" jarfile="${dist.war}">
            <fileset dir="${build.web.dir}"/>
        </jar>
    </target>
    <target depends="init,compile,compile-jsps,-pre-dist" if="do.war.package.with.custom.manifest" name="-do-dist-with-manifest">
        <dirname file="${dist.war}" property="dist.jar.dir"/>
        <mkdir dir="${dist.jar.dir}"/>
        <jar compress="${jar.compress}" jarfile="${dist.war}" manifest="${build.meta.inf.dir}/MANIFEST.MF">
            <fileset dir="${build.web.dir}"/>
        </jar>
    </target>
    <target depends="init,compile,compile-jsps,-pre-dist" if="do.tmp.war.package.without.custom.manifest" name="-do-tmp-dist-without-manifest">
        <dirname file="${dist.war}" property="dist.jar.dir"/>
        <mkdir dir="${dist.jar.dir}"/>
        <jar compress="${jar.compress}" jarfile="${dist.war}">
            <fileset dir="${build.web.dir}"/>
        </jar>
    </target>
    <target depends="init,compile,compile-jsps,-pre-dist" if="do.tmp.war.package.with.custom.manifest" name="-do-tmp-dist-with-manifest">
        <dirname file="${dist.war}" property="dist.jar.dir"/>
        <mkdir dir="${dist.jar.dir}"/>
        <jar compress="${jar.compress}" jarfile="${dist.war}" manifest="${build.meta.inf.dir}/MANIFEST.MF">
            <fileset dir="${build.web.dir}"/>
        </jar>
    </target>
    <target depends="init,compile,compile-jsps,-pre-dist,-do-dist-with-manifest,-do-dist-without-manifest" name="do-dist"/>
    <target depends="init" if="dist.ear.dir" name="library-inclusion-in-manifest">
        <mkdir dir="${build.web.dir}/META-INF"/>
        <manifest file="${build.web.dir}/META-INF/MANIFEST.MF" mode="update"/>
        <delete dir="${dist.ear.dir}/temp"/>
    </target>
    <target depends="init" name="library-inclusion-in-archive" unless="dist.ear.dir"/>
    <target depends="init,compile,compile-jsps,-pre-dist,library-inclusion-in-manifest" name="do-ear-dist">
        <dirname file="${dist.ear.war}" property="dist.jar.dir"/>
        <mkdir dir="${dist.jar.dir}"/>
        <jar compress="${jar.compress}" jarfile="${dist.ear.war}" manifest="${build.web.dir}/META-INF/MANIFEST.MF">
            <fileset dir="${build.web.dir}"/>
        </jar>
    </target>
    <target name="-post-dist">
        <!-- Empty placeholder for easier customization. -->
        <!-- You can override this target in the ../build.xml file. -->
    </target>
    <target depends="init,compile,-pre-dist,do-dist,-post-dist" description="Build distribution (WAR)." name="dist"/>
    <target depends="init,compile,-pre-dist,do-ear-dist,-post-dist" description="Build distribution (WAR) to be packaged into an EAR." name="dist-ear"/>
    <!--
                EXECUTION SECTION
            -->
    <target depends="run-deploy,run-display-browser" description="Deploy to server and show in browser." name="run"/>
    <target name="-pre-run-deploy">
        <!-- Empty placeholder for easier customization. -->
        <!-- You can override this target in the ../build.xml file. -->
    </target>
    <target name="-post-run-deploy">
        <!-- Empty placeholder for easier customization. -->
        <!-- You can override this target in the ../build.xml file. -->
    </target>
    <target name="-pre-nbmodule-run-deploy">
        <!-- Empty placeholder for easier customization. -->
        <!-- This target can be overriden by NetBeans modules. Don't override it directly, use -pre-run-deploy task instead. -->
    </target>
    <target name="-post-nbmodule-run-deploy">
        <!-- Empty placeholder for easier customization. -->
        <!-- This target can be overriden by NetBeans modules. Don't override it directly, use -post-run-deploy task instead. -->
    </target>
    <target name="-run-deploy-am">
        <!-- Task to deploy to the Access Manager runtime. -->
    </target>
    <target depends="init,compile,compile-jsps,-do-compile-single-jsp,-pre-dist,-do-tmp-dist-with-manifest,-do-tmp-dist-without-manifest,-pre-run-deploy,-pre-nbmodule-run-deploy,-run-deploy-nb,-init-deploy-ant,-deploy-ant,-run-deploy-am,-post-nbmodule-run-deploy,-post-run-deploy" name="run-deploy">
        <nbjpdaappreloaded/>
    </target>
    <target if="netbeans.home" name="-run-deploy-nb">
        <nbdeploy clientUrlPart="${client.urlPart}" debugmode="false" forceRedeploy="${forceRedeploy}"/>
    </target>
    <target name="-init-deploy-ant" unless="netbeans.home">
        <property name="deploy.ant.archive" value="${dist.war}"/>
        <property name="deploy.ant.docbase.dir" value="${web.docbase.dir}"/>
        <property name="deploy.ant.resource.dir" value="${resource.dir}"/>
        <property name="deploy.ant.enabled" value="true"/>
    </target>
    <target depends="dist,-run-undeploy-nb,-init-deploy-ant,-undeploy-ant" name="run-undeploy"/>
    <target if="netbeans.home" name="-run-undeploy-nb">
        <fail message="Undeploy is not supported from within the IDE"/>
    </target>
    <target depends="init,-pre-dist,dist,-post-dist" name="verify">
        <nbverify file="${dist.war}"/>
    </target>
    <target depends="run-deploy,-init-display-browser,-display-browser-nb,-display-browser-cl" name="run-display-browser"/>
    <target if="do.display.browser" name="-init-display-browser">
        <condition property="do.display.browser.nb">
            <isset property="netbeans.home"/>
        </condition>
        <condition property="do.display.browser.cl">
            <isset property="deploy.ant.enabled"/>
        </condition>
    </target>
    <target if="do.display.browser.nb" name="-display-browser-nb">
        <nbbrowse url="${client.url}"/>
    </target>
    <target if="do.display.browser.cl" name="-get-browser" unless="browser">
        <condition property="browser" value="rundll32">
            <os family="windows"/>
        </condition>
        <condition else="" property="browser.args" value="url.dll,FileProtocolHandler">
            <os family="windows"/>
        </condition>
        <condition property="browser" value="/usr/bin/open">
            <os family="mac"/>
        </condition>
        <property environment="env"/>
        <condition property="browser" value="${env.BROWSER}">
            <isset property="env.BROWSER"/>
        </condition>
        <condition property="browser" value="/usr/bin/firefox">
            <available file="/usr/bin/firefox"/>
        </condition>
        <condition property="browser" value="/usr/local/firefox/firefox">
            <available file="/usr/local/firefox/firefox"/>
        </condition>
        <condition property="browser" value="/usr/bin/mozilla">
            <available file="/usr/bin/mozilla"/>
        </condition>
        <condition property="browser" value="/usr/local/mozilla/mozilla">
            <available file="/usr/local/mozilla/mozilla"/>
        </condition>
        <condition property="browser" value="/usr/sfw/lib/firefox/firefox">
            <available file="/usr/sfw/lib/firefox/firefox"/>
        </condition>
        <condition property="browser" value="/opt/csw/bin/firefox">
            <available file="/opt/csw/bin/firefox"/>
        </condition>
        <condition property="browser" value="/usr/sfw/lib/mozilla/mozilla">
            <available file="/usr/sfw/lib/mozilla/mozilla"/>
        </condition>
        <condition property="browser" value="/opt/csw/bin/mozilla">
            <available file="/opt/csw/bin/mozilla"/>
        </condition>
    </target>
    <target depends="-get-browser" if="do.display.browser.cl" name="-display-browser-cl">
        <fail unless="browser">
                    Browser not found, cannot launch the deployed application. Try to set the BROWSER environment variable.
                </fail>
        <property name="browse.url" value="${deploy.ant.client.url}${client.urlPart}"/>
        <echo>Launching ${browse.url}</echo>
        <exec executable="${browser}" spawn="true">
            <arg line="${browser.args} ${browse.url}"/>
        </exec>
    </target>
    <target depends="init,compile-single" name="run-main">
        <fail unless="run.class">Must select one file in the IDE or set run.class</fail>
        <webproject1:java classname="${run.class}"/>
    </target>
    <!--
                DEBUGGING SECTION
            -->
    <target depends="init,compile,compile-jsps,-do-compile-single-jsp,-pre-dist,-do-tmp-dist-with-manifest,-do-tmp-dist-without-manifest" description="Debug project in IDE." if="netbeans.home" name="debug">
        <nbdeploy clientUrlPart="${client.urlPart}" debugmode="true"/>
        <antcall target="connect-debugger"/>
        <antcall target="debug-display-browser"/>
        <antcall target="connect-client-debugger"/>
    </target>
    <target if="do.debug.server" name="connect-debugger" unless="is.debugged">
        <nbjpdaconnect address="${jpda.address}" host="${jpda.host}" name="${name}" transport="${jpda.transport}">
            <classpath>
                <path path="${debug.classpath}:${j2ee.platform.classpath}:${ws.debug.classpaths}"/>
            </classpath>
            <sourcepath>
                <path path="${web.docbase.dir}:${ws.web.docbase.dirs}"/>
            </sourcepath>
        </nbjpdaconnect>
    </target>
    <target if="do.display.browser.debug" name="debug-display-browser">
        <nbbrowse url="${client.url}"/>
    </target>
    <target if="do.debug.client" name="connect-client-debugger">
        <webproject1:nbjsdebugstart webUrl="${client.url}"/>
    </target>
    <target depends="init,compile,compile-jsps,-do-compile-single-jsp,debug" if="netbeans.home" name="debug-single"/>
    <target depends="init" if="netbeans.home" name="-debug-start-debugger">
        <webproject1:nbjpdastart name="${debug.class}"/>
    </target>
    <target depends="init,compile-single" if="netbeans.home" name="-debug-start-debuggee-single">
        <fail unless="debug.class">Must select one file in the IDE or set debug.class</fail>
        <webproject1:debug classname="${debug.class}"/>
    </target>
    <target depends="init,compile-single,-debug-start-debugger,-debug-start-debuggee-single" if="netbeans.home" name="debug-single-main"/>
    <target depends="init" name="-pre-debug-fix">
        <fail unless="fix.includes">Must set fix.includes</fail>
        <property name="javac.includes" value="${fix.includes}.java"/>
    </target>
    <target depends="init,-pre-debug-fix,compile-single" if="netbeans.home" name="-do-debug-fix">
        <webproject1:nbjpdareload/>
    </target>
    <target depends="init,-pre-debug-fix,-do-debug-fix" if="netbeans.home" name="debug-fix"/>
    <!--
                JAVADOC SECTION
            -->
    <target depends="init" name="javadoc-build">
        <mkdir dir="${dist.javadoc.dir}"/>
        <javadoc additionalparam="${javadoc.additionalparam}" author="${javadoc.author}" charset="UTF-8" destdir="${dist.javadoc.dir}" docencoding="UTF-8" encoding="${javadoc.encoding.used}" failonerror="true" noindex="${javadoc.noindex}" nonavbar="${javadoc.nonavbar}" notree="${javadoc.notree}" private="${javadoc.private}" source="${javac.source}" splitindex="${javadoc.splitindex}" use="${javadoc.use}" useexternalfile="true" version="${javadoc.version}" windowtitle="${javadoc.windowtitle}">
            <classpath>
                <path path="${javac.classpath}:${j2ee.platform.classpath}"/>
            </classpath>
            <sourcepath>
                <pathelement location="${src.dir}"/>
            </sourcepath>
            <packageset dir="${src.dir}" includes="*/**"/>
            <fileset dir="${src.dir}" includes="*.java"/>
        </javadoc>
    </target>
    <target depends="init,javadoc-build" if="netbeans.home" name="javadoc-browse" unless="no.javadoc.preview">
        <nbbrowse file="${dist.javadoc.dir}/index.html"/>
    </target>
    <target depends="init,javadoc-build,javadoc-browse" description="Build Javadoc." name="javadoc"/>
    <!--
                
                JUNIT COMPILATION SECTION
            -->
    <target depends="init,compile" if="have.tests" name="-pre-pre-compile-test">
        <mkdir dir="${build.test.classes.dir}"/>
    </target>
    <target name="-pre-compile-test">
        <!-- Empty placeholder for easier customization. -->
        <!-- You can override this target in the ../build.xml file. -->
    </target>
    <target depends="init,compile,-pre-pre-compile-test,-pre-compile-test" if="have.tests" name="-do-compile-test">
        <webproject2:javac classpath="${javac.test.classpath}:${j2ee.platform.classpath}" debug="true" destdir="${build.test.classes.dir}" srcdir="${test.src.dir}"/>
        <copy todir="${build.test.classes.dir}">
            <fileset dir="${test.src.dir}" excludes="**/*.java"/>
        </copy>
    </target>
    <target name="-post-compile-test">
        <!-- Empty placeholder for easier customization. -->
        <!-- You can override this target in the ../build.xml file. -->
    </target>
    <target depends="init,compile,-pre-pre-compile-test,-pre-compile-test,-do-compile-test,-post-compile-test" name="compile-test"/>
    <target name="-pre-compile-test-single">
        <!-- Empty placeholder for easier customization. -->
        <!-- You can override this target in the ../build.xml file. -->
    </target>
    <target depends="init,compile,-pre-pre-compile-test,-pre-compile-test-single" if="have.tests" name="-do-compile-test-single">
        <fail unless="javac.includes">Must select some files in the IDE or set javac.includes</fail>
        <webproject2:javac classpath="${javac.test.classpath}:${j2ee.platform.classpath}" debug="true" destdir="${build.test.classes.dir}" srcdir="${test.src.dir}">
            <customize>
                <patternset includes="${javac.includes}"/>
            </customize>
        </webproject2:javac>
        <copy todir="${build.test.classes.dir}">
            <fileset dir="${test.src.dir}" excludes="**/*.java"/>
        </copy>
    </target>
    <target name="-post-compile-test-single">
        <!-- Empty placeholder for easier customization. -->
        <!-- You can override this target in the ../build.xml file. -->
    </target>
    <target depends="init,compile,-pre-pre-compile-test,-pre-compile-test-single,-do-compile-test-single,-post-compile-test-single" name="compile-test-single"/>
    <!--
                
                JUNIT EXECUTION SECTION
            -->
    <target depends="init" if="have.tests" name="-pre-test-run">
        <mkdir dir="${build.test.results.dir}"/>
    </target>
    <target depends="init,compile-test,-pre-test-run" if="have.tests" name="-do-test-run">
        <webproject2:junit/>
    </target>
    <target depends="init,compile-test,-pre-test-run,-do-test-run" if="have.tests" name="-post-test-run">
        <fail if="tests.failed">Some tests failed; see details above.</fail>
    </target>
    <target depends="init" if="have.tests" name="test-report"/>
    <target depends="init" if="netbeans.home+have.tests" name="-test-browse"/>
    <target depends="init,compile-test,-pre-test-run,-do-test-run,test-report,-post-test-run,-test-browse" description="Run unit tests." name="test"/>
    <target depends="init" if="have.tests" name="-pre-test-run-single">
        <mkdir dir="${build.test.results.dir}"/>
    </target>
    <target depends="init,compile-test-single,-pre-test-run-single" if="have.tests" name="-do-test-run-single">
        <fail unless="test.includes">Must select some files in the IDE or set test.includes</fail>
        <webproject2:junit includes="${test.includes}"/>
    </target>
    <target depends="init,compile-test-single,-pre-test-run-single,-do-test-run-single" if="have.tests" name="-post-test-run-single">
        <fail if="tests.failed">Some tests failed; see details above.</fail>
    </target>
    <target depends="init,compile-test-single,-pre-test-run-single,-do-test-run-single,-post-test-run-single" description="Run single unit test." name="test-single"/>
    <!--
                
                JUNIT DEBUGGING SECTION
            -->
    <target depends="init,compile-test" if="have.tests" name="-debug-start-debuggee-test">
        <fail unless="test.class">Must select one file in the IDE or set test.class</fail>
        <property location="${build.test.results.dir}/TEST-${test.class}.xml" name="test.report.file"/>
        <delete file="${test.report.file}"/>
        <!-- must exist, otherwise the XML formatter would fail -->
        <mkdir dir="${build.test.results.dir}"/>
        <webproject1:debug args="${test.class}" classname="org.apache.tools.ant.taskdefs.optional.junit.JUnitTestRunner" classpath="${ant.home}/lib/ant.jar:${ant.home}/lib/ant-junit.jar:${debug.test.classpath}">
            <customize>
                <arg value="showoutput=true"/>
                <arg value="formatter=org.apache.tools.ant.taskdefs.optional.junit.BriefJUnitResultFormatter"/>
                <arg value="formatter=org.apache.tools.ant.taskdefs.optional.junit.XMLJUnitResultFormatter,${test.report.file}"/>
            </customize>
        </webproject1:debug>
    </target>
    <target depends="init,compile-test" if="netbeans.home+have.tests" name="-debug-start-debugger-test">
        <webproject1:nbjpdastart classpath="${debug.test.classpath}" name="${test.class}"/>
    </target>
    <target depends="init,compile-test,-debug-start-debugger-test,-debug-start-debuggee-test" name="debug-test"/>
    <target depends="init,-pre-debug-fix,compile-test-single" if="netbeans.home" name="-do-debug-fix-test">
        <webproject1:nbjpdareload dir="${build.test.classes.dir}"/>
    </target>
    <target depends="init,-pre-debug-fix,-do-debug-fix-test" if="netbeans.home" name="debug-fix-test"/>
    <!--
                
                CLEANUP SECTION
            -->
    <target depends="init" if="no.dist.ear.dir" name="deps-clean" unless="no.deps"/>
    <target depends="init" name="do-clean">
        <condition property="build.dir.to.clean" value="${build.web.dir}">
            <isset property="dist.ear.dir"/>
        </condition>
        <property name="build.dir.to.clean" value="${build.web.dir}"/>
        <delete includeEmptyDirs="true" quiet="true">
            <fileset dir="${build.dir.to.clean}/WEB-INF/lib"/>
        </delete>
        <delete dir="${build.dir}"/>
        <available file="${build.dir.to.clean}/WEB-INF/lib" property="status.clean-failed" type="dir"/>
        <delete dir="${dist.dir}"/>
    </target>
    <target depends="do-clean" if="status.clean-failed" name="check-clean">
        <echo message="Warning: unable to delete some files in ${build.web.dir}/WEB-INF/lib - they are probably locked by the J2EE server. "/>
        <echo level="info" message="To delete all files undeploy the module from Server Registry in Runtime tab and then use Clean again."/>
    </target>
    <target name="-post-clean">
        <!-- Empty placeholder for easier customization. -->
        <!-- You can override this target in the ../build.xml file. -->
    </target>
    <target depends="init,deps-clean,do-clean,check-clean,-post-clean" description="Clean build products." name="clean"/>
    <target depends="clean" description="Clean build products." name="clean-ear"/>
</project>
